,avg,base,close,in_close,quot,tick_date,tick_time,timestamp,trend_coef,trend_intercept,volume,range,double,single,triple,diff,diff2,diff3
2018-01-12 17:49:00,13831.60450156,btc,13896.0,13828.0,usd,2018-01-12,2018-01-12 17:49:00,1515768540.0,0.0016715413252324535,-2519991.7303633015,15.128254639999998,100,-0.007384718416007622,-0.007384718416007622,-0.039372747081741384,,,
2018-01-12 20:21:00,13495.951612903227,btc,13531.0,13640.0,usd,2018-01-12,2018-01-12 20:21:00,1515777660.0,0.005063376105651625,-7661153.240439642,35.66785359,300,-0.03698692651617151,-0.022513034592952483,-0.05522853243200359,,,
2018-01-12 20:21:00,13495.951612903227,btc,13531.0,13640.0,usd,2018-01-12,2018-01-12 20:21:00,1515777660.0,0.005063376105651625,-7661153.240439642,35.66785359,200,-0.03698692651617151,-0.022513034592952483,-0.05522853243200359,,,
2018-01-12 20:21:00,13495.951612903227,btc,13531.0,13647.0,usd,2018-01-12,2018-01-12 20:21:00,1515777660.0,0.005063376105651625,-7661153.240439642,35.66785359,100,-0.03698692651617151,-0.022513034592952483,-0.05522853243200359,,,
2018-01-13 02:17:00,13636.140182308063,btc,13680.0,13748.0,usd,2018-01-13,2018-01-13 02:17:00,1515799020.0,0.0059095242961742225,-8943789.478709502,28.847461440000004,100,-0.0017725593783672773,-0.0024501217953272923,-0.02791573685124417,,,
2018-01-13 13:10:00,14144.066893955163,btc,14159.0,14266.0,usd,2018-01-13,2018-01-13 13:10:00,1515838200.0,0.005859517986986425,-8867932.198656676,7.53978223,100,0.004313885351063682,0.006172490309794256,-0.031794056600435584,,,
2018-01-13 19:05:00,14272.86426874355,btc,14322.0,14375.0,usd,2018-01-13,2018-01-13 19:05:00,1515859500.0,0.010890525357352531,-16494031.7473454,2.52145732,100,-0.004353095522998334,0.007075791750711113,-0.03753944488156398,,,
2018-01-13 23:32:00,14143.970744799033,btc,14146.0,14202.0,usd,2018-01-13,2018-01-13 23:32:00,1515875520.0,0.007148760448789834,-10822188.712751152,26.07453695,100,-0.010090923398309313,-0.002517766576334131,-0.039316228065163286,,,
2018-01-13 23:32:00,14143.970744799033,btc,14146.0,14237.0,usd,2018-01-13,2018-01-13 23:32:00,1515875520.0,0.007148760448789834,-10822188.712751152,26.07453695,300,-0.010090923398309313,-0.002517766576334131,-0.039316228065163286,,,
2018-01-13 23:32:00,14143.970744799033,btc,14146.0,14237.0,usd,2018-01-13,2018-01-13 23:32:00,1515875520.0,0.007148760448789834,-10822188.712751152,26.07453695,200,-0.010090923398309313,-0.002517766576334131,-0.039316228065163286,,,
2018-01-14 09:15:00,13718.555851969355,btc,13800.0,13851.0,usd,2018-01-14,2018-01-14 09:15:00,1515910500.0,-0.001717379724511672,2617549.54705902,48.35577961,100,-0.04934851591194872,-0.008338839947153953,-0.07553887556274805,,,
2018-01-14 09:15:00,13718.555851969355,btc,13800.0,13851.0,usd,2018-01-14,2018-01-14 09:15:00,1515910500.0,-0.001717379724511672,2617549.54705902,48.35577961,200,-0.04934851591194872,-0.008338839947153953,-0.07553887556274805,,,
2018-01-14 09:15:00,13718.555851969355,btc,13800.0,13851.0,usd,2018-01-14,2018-01-14 09:15:00,1515910500.0,-0.001717379724511672,2617549.54705902,48.35577961,300,-0.04934851591194872,-0.008338839947153953,-0.07553887556274805,,,
2018-01-14 09:15:00,13718.555851969355,btc,13800.0,13844.0,usd,2018-01-14,2018-01-14 09:15:00,1515910500.0,-0.001717379724511672,2617549.54705902,48.35577961,500,-0.04934851591194872,-0.008338839947153953,-0.07553887556274805,,,
2018-01-14 13:09:00,13483.090341038547,btc,13471.0,13581.0,usd,2018-01-14,2018-01-14 13:09:00,1515924540.0,-0.006917361283023455,10500050.271290686,5.906378310000001,100,-0.027940293954693027,-0.0255749074229558,-0.06461651645838726,,,
2018-01-14 13:09:00,13483.090341038547,btc,13471.0,13581.0,usd,2018-01-14,2018-01-14 13:09:00,1515924540.0,-0.006917361283023455,10500050.271290686,5.906378310000001,200,-0.027940293954693027,-0.0255749074229558,-0.06461651645838726,,,
2018-01-14 13:09:00,13483.090341038547,btc,13471.0,13581.0,usd,2018-01-14,2018-01-14 13:09:00,1515924540.0,-0.006917361283023455,10500050.271290686,5.906378310000001,300,-0.027940293954693027,-0.0255749074229558,-0.06461651645838726,,,
2018-01-14 16:13:00,13219.731404909198,btc,13276.0,13369.0,usd,2018-01-14,2018-01-14 16:13:00,1515935580.0,-0.011622949097170559,17633191.979975354,35.53791141,200,-0.020837856614754315,-0.022954702100389825,-0.05802261309915838,,,
2018-01-14 16:13:00,13219.731404909198,btc,13276.0,13511.0,usd,2018-01-14,2018-01-14 16:13:00,1515935580.0,-0.011622949097170559,17633191.979975354,35.53791141,500,-0.020837856614754315,-0.022954702100389825,-0.05802261309915838,,,
2018-01-14 16:13:00,13219.731404909198,btc,13276.0,13369.0,usd,2018-01-14,2018-01-14 16:13:00,1515935580.0,-0.011622949097170559,17633191.979975354,35.53791141,100,-0.020837856614754315,-0.022954702100389825,-0.05802261309915838,,,
2018-01-14 19:24:00,13077.590074722746,btc,13187.0,13146.0,usd,2018-01-14,2018-01-14 19:24:00,1515947040.0,-0.013953376371619685,21165886.76194909,21.011681410000005,100,-0.005676898971554969,-0.017921756039015038,-0.09079237408117023,,,
2018-01-14 19:24:00,13077.590074722746,btc,13187.0,13146.0,usd,2018-01-14,2018-01-14 19:24:00,1515947040.0,-0.013953376371619685,21165886.76194909,21.011681410000005,200,-0.005676898971554969,-0.017921756039015038,-0.09079237408117023,,,
2018-01-14 19:24:00,13077.590074722746,btc,13187.0,13215.0,usd,2018-01-14,2018-01-14 19:24:00,1515947040.0,-0.013953376371619685,21165886.76194909,21.011681410000005,300,-0.005676898971554969,-0.017921756039015038,-0.09079237408117023,,,
2018-01-14 23:45:00,13314.88443298694,btc,13348.0,13442.0,usd,2018-01-14,2018-01-14 23:45:00,1515962700.0,-0.01427732468360656,21657017.835818134,60.54466193,100,0.009974892145098177,0.0008915306696871318,-0.03791045298784178,,,
2018-01-15 06:55:00,13409.411975530807,btc,13497.0,13547.0,usd,2018-01-15,2018-01-15 06:55:00,1515988500.0,-0.004535626386973557,6889289.188922493,9.20422701,200,-0.022005385384974936,0.005574866843238853,-0.03175911278097788,,,
2018-01-15 06:55:00,13409.411975530807,btc,13497.0,13547.0,usd,2018-01-15,2018-01-15 06:55:00,1515988500.0,-0.004535626386973557,6889289.188922493,9.20422701,100,-0.022005385384974936,0.005574866843238853,-0.03175911278097788,,,
2018-01-15 11:14:55,13582.026713892908,btc,13590.0,13654.0,usd,2018-01-15,2018-01-15 11:14:55,1516004095.0,0.0032042220393247536,-4843982.333530576,35574.01714606,100,0.012051760401212771,0.004475241314213493,-0.03360758251705185,,,
2018-01-15 14:44:58,13605.468384010966,btc,13633.0,13684.0,usd,2018-01-15,2018-01-15 14:44:58,1516016698.0,0.005407729887890289,-8184485.176747127,36209.27555306,100,0.014665982766930787,0.006956059080087599,-0.015098904990778525,,,
2018-01-15 19:35:00,14048.424331555483,btc,14086.0,14167.0,usd,2018-01-15,2018-01-15 19:35:00,1516034100.0,0.010384912859622458,-15729833.713320356,15.65037711,100,-0.0031960586804025345,0.02346162415687571,-0.008777054867874105,,,
2018-01-16 00:41:00,13771.388531141936,btc,13796.0,13899.0,usd,2018-01-16,2018-01-16 00:41:00,1516052460.0,0.010019735384582288,-15176244.107944312,10.073097800000001,200,-0.013898243367777416,-0.005940352307630641,-0.022746642269249683,,,
2018-01-16 00:41:00,13771.388531141936,btc,13796.0,13899.0,usd,2018-01-16,2018-01-16 00:41:00,1516052460.0,0.010019735384582288,-15176244.107944312,10.073097800000001,300,-0.013898243367777416,-0.005940352307630641,-0.022746642269249683,,,
2018-01-16 00:41:00,13771.388531141936,btc,13796.0,13880.0,usd,2018-01-16,2018-01-16 00:41:00,1516052460.0,0.010019735384582288,-15176244.107944312,10.073097800000001,100,-0.013898243367777416,-0.005940352307630641,-0.022746642269249683,,,
2018-01-16 07:28:00,12908.159580673711,btc,12896.0,13116.0,usd,2018-01-16,2018-01-16 07:28:00,1516076880.0,-0.0005719097283659983,880795.8889106194,13.4038483,500,-0.026089062610229464,-0.03650235957988498,-0.0249119354041694,,,
2018-01-16 07:28:00,12908.159580673711,btc,12896.0,13031.0,usd,2018-01-16,2018-01-16 07:28:00,1516076880.0,-0.0005719097283659983,880795.8889106194,13.4038483,300,-0.026089062610229464,-0.03650235957988498,-0.0249119354041694,,,
2018-01-16 07:28:00,12908.159580673711,btc,12896.0,13031.0,usd,2018-01-16,2018-01-16 07:28:00,1516076880.0,-0.0005719097283659983,880795.8889106194,13.4038483,200,-0.026089062610229464,-0.03650235957988498,-0.0249119354041694,,,
2018-01-16 07:28:00,12908.159580673711,btc,12896.0,13031.0,usd,2018-01-16,2018-01-16 07:28:00,1516076880.0,-0.0005719097283659983,880795.8889106194,13.4038483,100,-0.026089062610229464,-0.03650235957988498,-0.0249119354041694,,,
2018-01-16 11:43:00,11649.922469221296,btc,11819.0,12026.0,usd,2018-01-16,2018-01-16 11:43:00,1516092180.0,-0.01416487722351281,21488127.960871223,62331.31980194001,300,-0.10604680781563204,-0.02857902611414832,-0.3271766504951105,,,
2018-01-16 11:43:00,11649.922469221296,btc,11819.0,12026.0,usd,2018-01-16,2018-01-16 11:43:00,1516092180.0,-0.01416487722351281,21488127.960871223,62331.31980194001,500,-0.10604680781563204,-0.02857902611414832,-0.3271766504951105,,,
2018-01-16 11:43:00,11649.922469221296,btc,11819.0,12026.0,usd,2018-01-16,2018-01-16 11:43:00,1516092180.0,-0.01416487722351281,21488127.960871223,62331.31980194001,200,-0.10604680781563204,-0.02857902611414832,-0.3271766504951105,,,
2018-01-16 11:43:00,11649.922469221296,btc,11819.0,12026.0,usd,2018-01-16,2018-01-16 11:43:00,1516092180.0,-0.01416487722351281,21488127.960871223,62331.31980194001,100,-0.10604680781563204,-0.02857902611414832,-0.3271766504951105,,,
2018-01-16 12:29:29,11692.987816158717,btc,11718.0,11872.0,usd,2018-01-16,2018-01-16 12:29:29,1516094969.0,-0.018578111901891497,28178750.16506189,66296.40050566997,300,-0.15308214203319234,-0.043397970683659255,-0.09550209209166877,,,
2018-01-16 12:29:29,11692.987816158717,btc,11718.0,11872.0,usd,2018-01-16,2018-01-16 12:29:29,1516094969.0,-0.018578111901891497,28178750.16506189,66296.40050566997,200,-0.15308214203319234,-0.043397970683659255,-0.09550209209166877,,,
2018-01-16 12:29:29,11692.987816158717,btc,11718.0,11872.0,usd,2018-01-16,2018-01-16 12:29:29,1516094969.0,-0.018578111901891497,28178750.16506189,66296.40050566997,100,-0.15308214203319234,-0.043397970683659255,-0.09550209209166877,,,
2018-01-16 13:01:50,11215.124692430163,btc,11386.0,11515.0,usd,2018-01-16,2018-01-16 13:01:50,1516096910.0,-0.021393909377629205,32447615.86366928,71474.22406615001,200,-0.1579109514135986,-0.05432479429387056,-0.09243905058046492,,,
2018-01-16 13:01:50,11215.124692430163,btc,11386.0,11515.0,usd,2018-01-16,2018-01-16 13:01:50,1516096910.0,-0.021393909377629205,32447615.86366928,71474.22406615001,100,-0.1579109514135986,-0.05432479429387056,-0.09243905058046492,,,
2018-01-16 13:01:50,11215.124692430163,btc,11386.0,11515.0,usd,2018-01-16,2018-01-16 13:01:50,1516096910.0,-0.021393909377629205,32447615.86366928,71474.22406615001,300,-0.1579109514135986,-0.05432479429387056,-0.09243905058046492,,,
2018-01-16 13:01:50,11215.124692430163,btc,11386.0,11580.0,usd,2018-01-16,2018-01-16 13:01:50,1516096910.0,-0.021393909377629205,32447615.86366928,71474.22406615001,500,-0.1579109514135986,-0.05432479429387056,-0.09243905058046492,,,
2018-01-16 14:02:21,11581.841240237105,btc,11611.0,11830.0,usd,2018-01-16,2018-01-16 14:02:21,1516100541.0,-0.025742557181339488,39040391.02585919,77757.88055798001,100,-0.10765555295973596,-0.06771461330262815,0.058405110909903,,,
2018-01-16 16:00:00,11649.697276240171,btc,11642.0,11897.879654899998,usd,2018-01-16,2018-01-16 16:00:00,1516107600.0,-0.03143795560814632,47675076.45173404,81947.62133933001,100,0.02548832998584305,-0.05828540242871294,-0.05367614742624198,,,
2018-01-16 16:00:00,11649.697276240171,btc,11642.0,11897.879654899998,usd,2018-01-16,2018-01-16 16:00:00,1516107600.0,-0.03143795560814632,47675076.45173404,81947.62133933001,200,0.02548832998584305,-0.05828540242871294,-0.05367614742624198,,,
2018-01-16 16:00:00,11649.697276240171,btc,11642.0,11897.879654899998,usd,2018-01-16,2018-01-16 16:00:00,1516107600.0,-0.03143795560814632,47675076.45173404,81947.62133933001,300,0.02548832998584305,-0.05828540242871294,-0.05367614742624198,,,
2018-01-16 17:07:51,11423.593316824361,btc,11398.0,11508.0,usd,2018-01-16,2018-01-16 17:07:51,1516111671.0,-0.03328435659633805,50474400.79294639,83318.53393060001,500,-0.007868091963675578,-0.04913625737610928,-0.033665096619423684,,,
2018-01-16 17:07:51,11423.593316824361,btc,11398.0,11610.0,usd,2018-01-16,2018-01-16 17:07:51,1516111671.0,-0.03328435659633805,50474400.79294639,83318.53393060001,100,-0.007868091963675578,-0.04913625737610928,-0.033665096619423684,,,
2018-01-16 17:07:51,11423.593316824361,btc,11398.0,11610.0,usd,2018-01-16,2018-01-16 17:07:51,1516111671.0,-0.03328435659633805,50474400.79294639,83318.53393060001,300,-0.007868091963675578,-0.04913625737610928,-0.033665096619423684,,,
2018-01-16 17:07:51,11423.593316824361,btc,11398.0,11610.0,usd,2018-01-16,2018-01-16 17:07:51,1516111671.0,-0.03328435659633805,50474400.79294639,83318.53393060001,200,-0.007868091963675578,-0.04913625737610928,-0.033665096619423684,,,
2018-01-16 18:04:50,11631.560109710974,btc,11672.0,11803.0,usd,2018-01-16,2018-01-16 18:04:50,1516115090.0,-0.034406625519655835,52175882.35851544,85662.01382159999,100,-0.024011754980632044,-0.04183019745430721,0.04681756863325712,,,
2018-01-16 19:21:31,11832.133055731621,btc,11865.0,11894.0,usd,2018-01-16,2018-01-16 19:21:31,1516119691.0,-0.03415325041234108,51791796.49426627,89094.56724204998,100,0.009867528222876676,-0.02293424496811941,0.0778834200649713,,,
2018-01-16 20:04:40,11670.672109960164,btc,11705.0,11691.0,usd,2018-01-16,2018-01-16 20:04:40,1516122280.0,-0.032948843085265835,49965826.86107803,90241.09726992,100,0.019616873789846383,-0.0070272304035294995,-0.043511618715695484,,,
2018-01-16 20:36:41,11295.655545146941,btc,11349.0,11392.0,usd,2018-01-16,2018-01-16 20:36:41,1516124201.0,-0.03240960399732176,49148297.92948022,93698.51132936,100,0.0028626652675042643,-0.0023789858253223453,-0.1023191531402078,,,
2018-01-16 21:17:41,10941.259494499522,btc,11052.0,11077.0,usd,2018-01-16,2018-01-16 21:17:41,1516126661.0,-0.03263710572897087,49493210.50559725,99456.69577239,300,-0.04809198017536693,-0.0065045942715950536,-0.15680929109538586,,,
2018-01-16 21:17:41,10941.259494499522,btc,11052.0,11170.0,usd,2018-01-16,2018-01-16 21:17:41,1516126661.0,-0.03263710572897087,49493210.50559725,99456.69577239,100,-0.04809198017536693,-0.0065045942715950536,-0.15680929109538586,,,
2018-01-16 21:17:41,10941.259494499522,btc,11052.0,11077.0,usd,2018-01-16,2018-01-16 21:17:41,1516126661.0,-0.03263710572897087,49493210.50559725,99456.69577239,200,-0.04809198017536693,-0.0065045942715950536,-0.15680929109538586,,,
2018-01-16 21:17:41,10941.259494499522,btc,11052.0,11077.0,usd,2018-01-16,2018-01-16 21:17:41,1516126661.0,-0.03263710572897087,49493210.50559725,99456.69577239,500,-0.04809198017536693,-0.0065045942715950536,-0.15680929109538586,,,
2018-01-16 23:14:21,11283.593346829199,btc,11352.0,11436.0,usd,2018-01-16,2018-01-16 23:14:21,1516133661.0,-0.031124551105761383,47200042.46232037,107446.92186073,100,-0.019584664613844102,-0.019813304445405508,0.043912586664949266,,,
2018-01-16 23:14:21,11283.593346829199,btc,11352.0,11436.0,usd,2018-01-16,2018-01-16 23:14:21,1516133661.0,-0.031124551105761383,47200042.46232037,107446.92186073,200,-0.019584664613844102,-0.019813304445405508,0.043912586664949266,,,
2018-01-17 00:03:11,10873.448406808715,btc,10935.0,11089.0,usd,2018-01-17,2018-01-17 00:03:11,1516136591.0,-0.030250316053360374,45874617.02359682,110744.9375882,200,0.0059704397799973715,-0.022942480414885516,-0.11702169135032453,,,
2018-01-17 00:03:11,10873.448406808715,btc,10935.0,11122.0,usd,2018-01-17,2018-01-17 00:03:11,1516136591.0,-0.030250316053360374,45874617.02359682,110744.9375882,500,0.0059704397799973715,-0.022942480414885516,-0.11702169135032453,,,
2018-01-17 00:03:11,10873.448406808715,btc,10935.0,11122.0,usd,2018-01-17,2018-01-17 00:03:11,1516136591.0,-0.030250316053360374,45874617.02359682,110744.9375882,300,0.0059704397799973715,-0.022942480414885516,-0.11702169135032453,,,
2018-01-17 00:03:11,10873.448406808715,btc,10935.0,11089.0,usd,2018-01-17,2018-01-17 00:03:11,1516136591.0,-0.030250316053360374,45874617.02359682,110744.9375882,100,0.0059704397799973715,-0.022942480414885516,-0.11702169135032453,,,
2018-01-17 00:46:22,10378.407449464525,btc,10548.264442540003,10682.0,usd,2018-01-17,2018-01-17 00:46:22,1516139182.0,-0.0307277053573,46598380.10546639,116714.65308002,200,-0.034747086790113485,-0.027479878075229745,-0.1841522119080191,,,
2018-01-17 00:46:22,10378.407449464525,btc,10548.264442540003,10682.0,usd,2018-01-17,2018-01-17 00:46:22,1516139182.0,-0.0307277053573,46598380.10546639,116714.65308002,100,-0.034747086790113485,-0.027479878075229745,-0.1841522119080191,,,
2018-01-17 00:46:22,10378.407449464525,btc,10548.264442540003,10682.0,usd,2018-01-17,2018-01-17 00:46:22,1516139182.0,-0.0307277053573,46598380.10546639,116714.65308002,500,-0.034747086790113485,-0.027479878075229745,-0.1841522119080191,,,
2018-01-17 00:46:22,10378.407449464525,btc,10548.264442540003,10682.0,usd,2018-01-17,2018-01-17 00:46:22,1516139182.0,-0.0307277053573,46598380.10546639,116714.65308002,300,-0.034747086790113485,-0.027479878075229745,-0.1841522119080191,,,
2018-01-17 01:39:22,10074.178086831296,btc,10201.0,10536.0,usd,2018-01-17,2018-01-17 01:39:22,1516142362.0,-0.03226930949182195,48935594.18894024,124278.91071973,300,-0.11661160718330806,-0.03951642754667716,-0.13293137660395202,,,
2018-01-17 01:39:22,10074.178086831296,btc,10201.0,10536.0,usd,2018-01-17,2018-01-17 01:39:22,1516142362.0,-0.03226930949182195,48935594.18894024,124278.91071973,200,-0.11661160718330806,-0.03951642754667716,-0.13293137660395202,,,
2018-01-17 01:39:22,10074.178086831296,btc,10201.0,10536.0,usd,2018-01-17,2018-01-17 01:39:22,1516142362.0,-0.03226930949182195,48935594.18894024,124278.91071973,100,-0.11661160718330806,-0.03951642754667716,-0.13293137660395202,,,
2018-01-17 02:20:42,10738.450455601136,btc,10777.0,10982.0,usd,2018-01-17,2018-01-17 02:20:42,1516144842.0,-0.03191075860693058,48391988.88667058,129566.16669076,100,-0.08157607575950285,-0.04241449577796567,0.1387264287135646,,,
2018-01-17 04:08:12,10883.483870967748,btc,10898.0,11157.0,usd,2018-01-17,2018-01-17 04:08:12,1516151292.0,-0.02753948120886803,41764674.91732765,133554.90463066995,100,0.08467760252685748,-0.027792042869410408,-0.062293122118618,,,
2018-01-17 04:08:12,10883.483870967748,btc,10898.0,11157.0,usd,2018-01-17,2018-01-17 04:08:12,1516151292.0,-0.02753948120886803,41764674.91732765,133554.90463066995,200,0.08467760252685748,-0.027792042869410408,-0.062293122118618,,,
2018-01-17 04:08:12,10883.483870967748,btc,10898.0,11157.0,usd,2018-01-17,2018-01-17 04:08:12,1516151292.0,-0.02753948120886803,41764674.91732765,133554.90463066995,300,0.08467760252685748,-0.027792042869410408,-0.062293122118618,,,
2018-01-17 05:15:43,11027.258064516132,btc,11066.0,11202.0,usd,2018-01-17,2018-01-17 05:15:43,1516155343.0,-0.025313826609920653,38390344.45430907,131338.05550306998,200,0.023490422130463828,-0.011576360778831259,0.057212225227290574,,,
2018-01-17 05:15:43,11027.258064516132,btc,11066.0,11202.0,usd,2018-01-17,2018-01-17 05:15:43,1516155343.0,-0.025313826609920653,38390344.45430907,131338.05550306998,100,0.023490422130463828,-0.011576360778831259,0.057212225227290574,,,
2018-01-17 06:53:42,10316.596355504038,btc,10429.0,10570.0,usd,2018-01-17,2018-01-17 06:53:42,1516161222.0,-0.02397681441690689,36363283.89937747,133181.40137678,500,-0.054376738544666736,-0.010230686414101594,-0.15931853341458346,,,
2018-01-17 06:53:42,10316.596355504038,btc,10429.0,10653.0,usd,2018-01-17,2018-01-17 06:53:42,1516161222.0,-0.02397681441690689,36363283.89937747,133181.40137678,200,-0.054376738544666736,-0.010230686414101594,-0.15931853341458346,,,
2018-01-17 06:53:42,10316.596355504038,btc,10429.0,10653.0,usd,2018-01-17,2018-01-17 06:53:42,1516161222.0,-0.02397681441690689,36363283.89937747,133181.40137678,100,-0.054376738544666736,-0.010230686414101594,-0.15931853341458346,,,
2018-01-17 06:53:42,10316.596355504038,btc,10429.0,10538.0,usd,2018-01-17,2018-01-17 06:53:42,1516161222.0,-0.02397681441690689,36363283.89937747,133181.40137678,300,-0.054376738544666736,-0.010230686414101594,-0.15931853341458346,,,
2018-01-17 07:21:13,10486.356295999843,btc,10580.0,10581.0,usd,2018-01-17,2018-01-17 07:21:13,1516162873.0,-0.023918861698001358,36275418.51619086,134149.51981791,100,-0.05729353780501757,-0.012464509523336465,-0.057840217761155964,,,
2018-01-17 08:31:13,10707.208331358554,btc,10750.0,10866.0,usd,2018-01-17,2018-01-17 08:31:13,1516167073.0,-0.022519669547146258,34154080.26169962,137105.53265595002,100,-0.023405853460652284,-0.0026695158387287136,0.08458141632767763,,,
2018-01-17 08:31:13,10707.208331358554,btc,10750.0,10866.0,usd,2018-01-17,2018-01-17 08:31:13,1516167073.0,-0.022519669547146258,34154080.26169962,137105.53265595002,200,-0.023405853460652284,-0.0026695158387287136,0.08458141632767763,,,
2018-01-17 10:11:33,10998.89811530033,btc,11018.0,11107.0,usd,2018-01-17,2018-01-17 10:11:33,1516173093.0,-0.01830424129207219,27762959.50588694,140226.28002034,100,0.056756884616650426,0.0038783680078592884,0.07403540441674318,,,
2018-01-17 11:30:24,10469.37171989436,btc,10501.0,10670.61602673,usd,2018-01-17,2018-01-17 11:30:24,1516177824.0,-0.014537622959372816,22052243.3496398,133839.58786439,500,-0.00416706863037908,-0.00792440596114947,-0.0985160605981728,,,
2018-01-17 11:30:24,10469.37171989436,btc,10501.0,10650.0,usd,2018-01-17,2018-01-17 11:30:24,1516177824.0,-0.014537622959372816,22052243.3496398,133839.58786439,100,-0.00416706863037908,-0.00792440596114947,-0.0985160605981728,,,
2018-01-17 11:30:24,10469.37171989436,btc,10501.0,10670.61602673,usd,2018-01-17,2018-01-17 11:30:24,1516177824.0,-0.014537622959372816,22052243.3496398,133839.58786439,200,-0.00416706863037908,-0.00792440596114947,-0.0985160605981728,,,
2018-01-17 11:30:24,10469.37171989436,btc,10501.0,10670.61602673,usd,2018-01-17,2018-01-17 11:30:24,1516177824.0,-0.014537622959372816,22052243.3496398,133839.58786439,300,-0.00416706863037908,-0.00792440596114947,-0.0985160605981728,,,
2018-01-17 12:19:43,10469.805635252751,btc,10447.37807114,10623.0,usd,2018-01-17,2018-01-17 12:19:43,1516180783.0,-0.014430770703902475,21890238.8416292,128413.07987909,200,-0.0421568965343737,-0.01040024150349948,-0.055265322553585225,,,
2018-01-17 12:19:43,10469.805635252751,btc,10447.37807114,10623.0,usd,2018-01-17,2018-01-17 12:19:43,1516180783.0,-0.014430770703902475,21890238.8416292,128413.07987909,100,-0.0421568965343737,-0.01040024150349948,-0.055265322553585225,,,
2018-01-17 13:02:24,10200.099009710166,btc,10288.0,10281.0,usd,2018-01-17,2018-01-17 13:02:24,1516183344.0,-0.01496257793433152,22696534.56538304,124632.47532890002,100,-0.06808239612827215,-0.01045800844819161,-0.07691234666989806,,,
2018-01-17 13:02:24,10200.099009710166,btc,10288.0,10281.0,usd,2018-01-17,2018-01-17 13:02:24,1516183344.0,-0.01496257793433152,22696534.56538304,124632.47532890002,200,-0.06808239612827215,-0.01045800844819161,-0.07691234666989806,,,
2018-01-17 13:21:12,10119.19277182016,btc,10211.816513039998,10214.265683569998,usd,2018-01-17,2018-01-17 13:21:12,1516184472.0,-0.015595989045912112,23656876.164413035,124198.47376936,100,-0.07197370135474926,-0.013355751965647,-0.10001309158969296,,,
2018-01-17 13:39:45,9965.60721102758,btc,9972.5,10080.0,usd,2018-01-17,2018-01-17 13:39:45,1516185585.0,-0.01611567785594183,24444795.49627753,125105.87001456002,100,-0.07583670178784492,-0.016521462486550686,-0.12946170350625882,,,
2018-01-17 13:39:45,9965.60721102758,btc,9972.5,10100.0,usd,2018-01-17,2018-01-17 13:39:45,1516185585.0,-0.01611567785594183,24444795.49627753,125105.87001456002,200,-0.07583670178784492,-0.016521462486550686,-0.12946170350625882,,,
2018-01-17 14:08:24,9854.606657983872,btc,9859.0,10100.0,usd,2018-01-17,2018-01-17 14:08:24,1516187304.0,-0.016856428238129363,25567873.041713245,125450.24764334998,500,-0.07911051970098508,-0.019637688487542233,-0.0954711031368357,,,
2018-01-17 14:08:24,9854.606657983872,btc,9859.0,10126.0,usd,2018-01-17,2018-01-17 14:08:24,1516187304.0,-0.016856428238129363,25567873.041713245,125450.24764334998,100,-0.07911051970098508,-0.019637688487542233,-0.0954711031368357,,,
2018-01-17 14:08:24,9854.606657983872,btc,9859.0,10100.0,usd,2018-01-17,2018-01-17 14:08:24,1516187304.0,-0.016856428238129363,25567873.041713245,125450.24764334998,300,-0.07911051970098508,-0.019637688487542233,-0.0954711031368357,,,
2018-01-17 14:39:03,10157.04145020468,btc,10173.0,10211.0,usd,2018-01-17,2018-01-17 14:39:03,1516189143.0,-0.01714390626324706,26003727.395151656,127532.95188381,100,-0.06211898124873854,-0.020597518238793067,0.030276261350010807,,,
2018-01-17 15:00:13,9791.280546293387,btc,9820.1,9785.1,usd,2018-01-17,2018-01-17 15:00:13,1516190413.0,-0.017333602248450267,26291329.590223383,129310.88175017,200,-0.05789232622099848,-0.021663993060766783,0.022269289152896176,,,
2018-01-17 15:00:13,9791.280546293387,btc,9820.1,9785.1,usd,2018-01-17,2018-01-17 15:00:13,1516190413.0,-0.017333602248450267,26291329.590223383,129310.88175017,500,-0.05789232622099848,-0.021663993060766783,0.022269289152896176,,,
2018-01-17 15:00:13,9791.280546293387,btc,9820.1,9785.1,usd,2018-01-17,2018-01-17 15:00:13,1516190413.0,-0.017333602248450267,26291329.590223383,129310.88175017,300,-0.05789232622099848,-0.021663993060766783,0.022269289152896176,,,
2018-01-17 15:00:13,9791.280546293387,btc,9820.1,9890.0,usd,2018-01-17,2018-01-17 15:00:13,1516190413.0,-0.017333602248450267,26291329.590223383,129310.88175017,100,-0.05789232622099848,-0.021663993060766783,0.022269289152896176,,,
2018-01-17 16:14:43,10100.340410448709,btc,10133.0,10256.0,usd,2018-01-17,2018-01-17 16:14:43,1516194883.0,-0.017442712091178137,26456746.138050985,130120.99384363,200,-0.003514766468157062,-0.031766146294562675,0.10597106339150644,,,
2018-01-17 16:14:43,10100.340410448709,btc,10133.0,10256.0,usd,2018-01-17,2018-01-17 16:14:43,1516194883.0,-0.017442712091178137,26456746.138050985,130120.99384363,100,-0.003514766468157062,-0.031766146294562675,0.10597106339150644,,,
2018-01-17 16:54:23,9947.39342774452,btc,9992.5,9967.1,usd,2018-01-17,2018-01-17 16:54:23,1516197263.0,-0.0172591531130688,26178437.188879274,130053.76326908,300,0.012045061368072641,-0.036434106780310414,-0.06617942660077372,,,
2018-01-17 16:54:23,9947.39342774452,btc,9992.5,10035.443656810005,usd,2018-01-17,2018-01-17 16:54:23,1516197263.0,-0.0172591531130688,26178437.188879274,130053.76326908,100,0.012045061368072641,-0.036434106780310414,-0.06617942660077372,,,
2018-01-17 16:54:23,9947.39342774452,btc,9992.5,10035.443656810005,usd,2018-01-17,2018-01-17 16:54:23,1516197263.0,-0.0172591531130688,26178437.188879274,130053.76326908,200,0.012045061368072641,-0.036434106780310414,-0.06617942660077372,,,
2018-01-17 17:47:54,9485.86935483871,btc,9560.3,9534.0,usd,2018-01-17,2018-01-17 17:47:54,1516200474.0,-0.01820915995272944,27618785.01340203,132346.98663751993,100,-0.03275980201605898,-0.041135693584982126,-0.1425902901879162,,,
2018-01-17 17:47:54,9485.86935483871,btc,9560.3,9534.0,usd,2018-01-17,2018-01-17 17:47:54,1516200474.0,-0.01820915995272944,27618785.01340203,132346.98663751993,300,-0.03275980201605898,-0.041135693584982126,-0.1425902901879162,,,
2018-01-17 17:47:54,9485.86935483871,btc,9560.3,9534.0,usd,2018-01-17,2018-01-17 17:47:54,1516200474.0,-0.01820915995272944,27618785.01340203,132346.98663751993,200,-0.03275980201605898,-0.041135693584982126,-0.1425902901879162,,,
2018-01-17 18:09:34,9423.518599732735,btc,9455.7,9569.2,usd,2018-01-17,2018-01-17 18:09:34,1516201774.0,-0.018650675290042426,28288182.713441394,133755.01467134,500,-0.045313696524025684,-0.044080720549974826,-0.1322648747810573,,,
2018-01-17 18:09:34,9423.518599732735,btc,9455.7,9561.1,usd,2018-01-17,2018-01-17 18:09:34,1516201774.0,-0.018650675290042426,28288182.713441394,133755.01467134,100,-0.045313696524025684,-0.044080720549974826,-0.1322648747810573,,,
2018-01-17 18:39:53,9315.55,btc,9351.5,9600.0,usd,2018-01-17,2018-01-17 18:39:53,1516203593.0,-0.01924222962979579,29185061.47469259,136948.0826872,100,-0.07138541981615168,-0.046066526383381316,-0.06774961777022835,,,
2018-01-17 18:39:53,9315.55,btc,9351.5,9600.0,usd,2018-01-17,2018-01-17 18:39:53,1516203593.0,-0.01924222962979579,29185061.47469259,136948.0826872,200,-0.07138541981615168,-0.046066526383381316,-0.06774961777022835,,,
2018-01-17 20:46:40,9968.003093174195,btc,9998.5,10120.0,usd,2018-01-17,2018-01-17 20:46:40,1516211200.0,-0.0173637620574546,26336977.136535216,144417.10091443002,100,0.057673900369923536,-0.02128571640947556,0.05529804577453435,,,
2018-01-17 20:46:40,9968.003093174195,btc,9998.5,10120.0,usd,2018-01-17,2018-01-17 20:46:40,1516211200.0,-0.0173637620574546,26336977.136535216,144417.10091443002,200,0.057673900369923536,-0.02128571640947556,0.05529804577453435,,,
2018-01-17 21:38:51,9810.904437200159,btc,9848.1,9952.0,usd,2018-01-17,2018-01-17 21:38:51,1516214331.0,-0.017542947300851812,26608664.39496769,138776.47384778006,100,0.05017666812482245,-0.012292169959435415,-0.08325983056543962,,,
2018-01-17 21:38:51,9810.904437200159,btc,9848.1,9952.0,usd,2018-01-17,2018-01-17 21:38:51,1516214331.0,-0.017542947300851812,26608664.39496769,138776.47384778006,200,0.05017666812482245,-0.012292169959435415,-0.08325983056543962,,,
2018-01-17 21:38:51,9810.904437200159,btc,9848.1,9922.0,usd,2018-01-17,2018-01-17 21:38:51,1516214331.0,-0.017542947300851812,26608664.39496769,138776.47384778006,300,0.05017666812482245,-0.012292169959435415,-0.08325983056543962,,,
2018-01-18 00:29:51,10684.879938376938,btc,10748.0,10835.0,usd,2018-01-18,2018-01-18 00:29:51,1516224591.0,-0.012432314367238718,18860095.77395645,138839.30492408,100,0.09590954266602386,0.019687204510170336,0.051063781200476506,,,
2018-01-18 00:29:51,10684.879938376938,btc,10748.0,10835.0,usd,2018-01-18,2018-01-18 00:29:51,1516224591.0,-0.012432314367238718,18860095.77395645,138839.30492408,200,0.09590954266602386,0.019687204510170336,0.051063781200476506,,,
2018-01-18 02:21:41,10744.725806451615,btc,10786.0,11078.0,usd,2018-01-18,2018-01-18 02:21:41,1516231301.0,-0.009043973964279759,13722861.50716605,133597.74455652,200,0.05137902307252222,0.05372251626222668,-0.11923102428484415,,,
2018-01-18 02:21:41,10744.725806451615,btc,10786.0,11078.0,usd,2018-01-18,2018-01-18 02:21:41,1516231301.0,-0.009043973964279759,13722861.50716605,133597.74455652,100,0.05137902307252222,0.05372251626222668,-0.11923102428484415,,,
2018-01-18 02:21:41,10744.725806451615,btc,10786.0,11078.0,usd,2018-01-18,2018-01-18 02:21:41,1516231301.0,-0.009043973964279759,13722861.50716605,133597.74455652,300,0.05137902307252222,0.05372251626222668,-0.11923102428484415,,,
2018-01-18 02:21:41,10744.725806451615,btc,10786.0,11078.0,usd,2018-01-18,2018-01-18 02:21:41,1516231301.0,-0.009043973964279759,13722861.50716605,133597.74455652,500,0.05137902307252222,0.05372251626222668,-0.11923102428484415,,,
2018-01-18 03:35:11,10831.73909149952,btc,10850.0,10994.0,usd,2018-01-18,2018-01-18 03:35:11,1516235711.0,-0.004988501086226271,7574013.289984138,131683.06334295002,100,0.0006588890317187754,0.052166146483176384,0.009629441595389551,,,
2018-01-18 03:35:11,10831.73909149952,btc,10850.0,10994.0,usd,2018-01-18,2018-01-18 03:35:11,1516235711.0,-0.004988501086226271,7574013.289984138,131683.06334295002,200,0.0006588890317187754,0.052166146483176384,0.009629441595389551,,,
2018-01-18 04:47:52,11253.289675709035,btc,11258.0,11305.0,usd,2018-01-18,2018-01-18 04:47:52,1516240072.0,-0.0007332468746070395,1122237.2190678138,131464.64526901007,100,0.01245818628519755,0.045754226635500536,0.13822482077359285,,,
2018-01-18 07:00:02,11233.627603437264,btc,11260.0,11359.0,usd,2018-01-18,2018-01-18 07:00:02,1516248002.0,0.0073979102157254815,-11206202.107017938,132292.05233385,300,0.048498471759603486,0.041840455946442236,-0.05395604416593383,,,
2018-01-18 07:00:02,11233.627603437264,btc,11260.0,11359.0,usd,2018-01-18,2018-01-18 07:00:02,1516248002.0,0.0073979102157254815,-11206202.107017938,132292.05233385,200,0.048498471759603486,0.041840455946442236,-0.05395604416593383,,,
2018-01-18 07:00:02,11233.627603437264,btc,11260.0,11359.0,usd,2018-01-18,2018-01-18 07:00:02,1516248002.0,0.0073979102157254815,-11206202.107017938,132292.05233385,100,0.048498471759603486,0.041840455946442236,-0.05395604416593383,,,
2018-01-18 08:25:31,10811.645161290326,btc,10841.0,10929.0,usd,2018-01-18,2018-01-18 08:25:31,1516253131.0,0.010490646228716968,-15895453.912606748,131192.62226653998,100,-0.045709680204904256,0.016273416394629186,-0.12385060695485252,,,
2018-01-18 08:25:31,10811.645161290326,btc,10841.0,10929.0,usd,2018-01-18,2018-01-18 08:25:31,1516253131.0,0.010490646228716968,-15895453.912606748,131192.62226653998,300,-0.045709680204904256,0.016273416394629186,-0.12385060695485252,,,
2018-01-18 08:25:31,10811.645161290326,btc,10841.0,10929.0,usd,2018-01-18,2018-01-18 08:25:31,1516253131.0,0.010490646228716968,-15895453.912606748,131192.62226653998,200,-0.045709680204904256,0.016273416394629186,-0.12385060695485252,,,
2018-01-18 08:25:31,10811.645161290326,btc,10841.0,11032.0,usd,2018-01-18,2018-01-18 08:25:31,1516253131.0,0.010490646228716968,-15895453.912606748,131192.62226653998,500,-0.045709680204904256,0.016273416394629186,-0.12385060695485252,,,
2018-01-18 09:00:21,10866.407773383875,btc,10890.0,10936.0,usd,2018-01-18,2018-01-18 09:00:21,1516255221.0,0.011533379024556086,-17476477.204222955,131297.10828161007,100,-0.07025376484638017,0.008775407954156687,-0.033773875507033625,,,
2018-01-18 09:50:21,10972.23676487452,btc,10983.0,11076.0,usd,2018-01-18,2018-01-18 09:50:21,1516258221.0,0.013796541979726904,-20907953.094669864,131813.04590812002,100,-0.04531579484738943,0.0012193873321995135,0.03618717109018273,,,
2018-01-18 11:08:32,10563.166388403391,btc,10603.521150850003,10739.0,usd,2018-01-18,2018-01-18 11:08:32,1516262912.0,0.01646690724105884,-24956883.754330475,132026.16597438007,200,-0.018914171301598087,-0.005684221705039777,-0.12667859615651894,,,
2018-01-18 11:08:32,10563.166388403391,btc,10603.521150850003,10739.0,usd,2018-01-18,2018-01-18 11:08:32,1516262912.0,0.01646690724105884,-24956883.754330475,132026.16597438007,300,-0.018914171301598087,-0.005684221705039777,-0.12667859615651894,,,
2018-01-18 11:08:32,10563.166388403391,btc,10603.521150850003,10739.0,usd,2018-01-18,2018-01-18 11:08:32,1516262912.0,0.01646690724105884,-24956883.754330475,132026.16597438007,500,-0.018914171301598087,-0.005684221705039777,-0.12667859615651894,,,
2018-01-18 11:08:32,10563.166388403391,btc,10603.521150850003,10729.0,usd,2018-01-18,2018-01-18 11:08:32,1516262912.0,0.01646690724105884,-24956883.754330475,132026.16597438007,100,-0.018914171301598087,-0.005684221705039777,-0.12667859615651894,,,
2018-01-18 13:44:21,11101.361580617424,btc,11133.15683182,11154.0,usd,2018-01-18,2018-01-18 13:44:21,1516272261.0,0.018425232367693577,-27926248.11040337,123498.51756074,100,0.04607368459303573,-0.01720704262494045,0.00500572964035789,,,
2018-01-18 16:23:11,11425.378504064358,btc,11471.0,11565.0,usd,2018-01-18,2018-01-18 16:23:11,1516281791.0,0.02008317510127912,-30440104.31375956,118172.72156869002,100,0.04840629581257142,0.02016091168902404,-0.01836304082563914,,,
2018-01-18 16:23:11,11425.378504064358,btc,11471.0,11565.0,usd,2018-01-18,2018-01-18 16:23:11,1516281791.0,0.02008317510127912,-30440104.31375956,118172.72156869002,300,0.04840629581257142,0.02016091168902404,-0.01836304082563914,,,
2018-01-18 16:23:11,11425.378504064358,btc,11471.0,11565.0,usd,2018-01-18,2018-01-18 16:23:11,1516281791.0,0.02008317510127912,-30440104.31375956,118172.72156869002,200,0.04840629581257142,0.02016091168902404,-0.01836304082563914,,,
2018-01-18 17:26:31,11473.592373124842,btc,11473.0,11651.0,usd,2018-01-18,2018-01-18 17:26:31,1516285591.0,0.019969271213615882,-30267405.186557885,116223.4677411,100,0.017498617710533862,0.02887927230927615,0.01387959018600938,,,
2018-01-18 18:37:31,11586.461594600327,btc,11600.0,11700.0,usd,2018-01-18,2018-01-18 18:37:31,1516289851.0,0.017895545950675367,-27123105.269009914,111060.10080228,100,0.0020673339034073487,0.03267878566035892,0.05452959847489432,,,
2018-01-18 19:39:31,11404.704782057745,btc,11429.0,11462.0,usd,2018-01-18,2018-01-18 19:39:31,1516293571.0,0.015907637178715225,-24108920.619772345,104477.38902609002,100,0.009839839229769356,0.033868362315284506,-0.041527658093763235,,,
2018-01-18 19:39:31,11404.704782057745,btc,11429.0,11419.0,usd,2018-01-18,2018-01-18 19:39:31,1516293571.0,0.015907637178715225,-24108920.619772345,104477.38902609002,300,0.009839839229769356,0.033868362315284506,-0.041527658093763235,,,
2018-01-18 19:39:31,11404.704782057745,btc,11429.0,11419.0,usd,2018-01-18,2018-01-18 19:39:31,1516293571.0,0.015907637178715225,-24108920.619772345,104477.38902609002,200,0.009839839229769356,0.033868362315284506,-0.041527658093763235,,,
2018-01-18 21:11:11,11169.745891168071,btc,11174.0,11378.0,usd,2018-01-18,2018-01-18 21:11:11,1516299071.0,0.012961481864979784,-19641798.346214067,100231.8803472,100,-0.0366509292783288,0.012703633366303065,-0.05571074135883376,,,
2018-01-18 21:11:11,11169.745891168071,btc,11174.0,11378.0,usd,2018-01-18,2018-01-18 21:11:11,1516299071.0,0.012961481864979784,-19641798.346214067,100231.8803472,300,-0.0366509292783288,0.012703633366303065,-0.05571074135883376,,,
2018-01-18 21:11:11,11169.745891168071,btc,11174.0,11381.0,usd,2018-01-18,2018-01-18 21:11:11,1516299071.0,0.012961481864979784,-19641798.346214067,100231.8803472,500,-0.0366509292783288,0.012703633366303065,-0.05571074135883376,,,
2018-01-18 21:11:11,11169.745891168071,btc,11174.0,11378.0,usd,2018-01-18,2018-01-18 21:11:11,1516299071.0,0.012961481864979784,-19641798.346214067,100231.8803472,200,-0.0366509292783288,0.012703633366303065,-0.05571074135883376,,,
2018-01-18 22:41:37,11422.779003529358,btc,11454.0,11565.0,usd,2018-01-18,2018-01-18 22:41:37,1516304497.0,0.008601497980372987,-13030897.049804015,98822.07950564,100,-0.007119944454531694,-0.00045027943011651087,0.031859575909413136,,,
2018-01-19 01:41:46,11002.282106822902,btc,11045.0,11218.57482459,usd,2018-01-19,2018-01-19 01:41:46,1516315306.0,0.006553357891864588,-9925370.14970041,88102.12723682,100,-0.03338224698186447,-0.007946650148476786,-0.132189701053546,,,
2018-01-19 01:41:46,11002.282106822902,btc,11045.0,11218.57482459,usd,2018-01-19,2018-01-19 01:41:46,1516315306.0,0.006553357891864588,-9925370.14970041,88102.12723682,300,-0.03338224698186447,-0.007946650148476786,-0.132189701053546,,,
2018-01-19 01:41:46,11002.282106822902,btc,11045.0,11218.57482459,usd,2018-01-19,2018-01-19 01:41:46,1516315306.0,0.006553357891864588,-9925370.14970041,88102.12723682,200,-0.03338224698186447,-0.007946650148476786,-0.132189701053546,,,
2018-01-19 01:41:46,11002.282106822902,btc,11045.0,11218.57482459,usd,2018-01-19,2018-01-19 01:41:46,1516315306.0,0.006553357891864588,-9925370.14970041,88102.12723682,500,-0.03338224698186447,-0.007946650148476786,-0.132189701053546,,,
2018-01-19 02:30:27,10901.546652930809,btc,11001.0,10923.41363106,usd,2018-01-19,2018-01-19 02:30:27,1516318227.0,0.005053097302973118,-7650577.278114611,86518.95186176,100,-0.06909000404326908,-0.013109962230230024,-0.0360952147478631,,,
2018-01-19 02:30:27,10901.546652930809,btc,11001.0,10923.41363106,usd,2018-01-19,2018-01-19 02:30:27,1516318227.0,0.005053097302973118,-7650577.278114611,86518.95186176,200,-0.06909000404326908,-0.013109962230230024,-0.0360952147478631,,,
2018-01-19 04:54:46,11140.301759533711,btc,11192.0,11224.0,usd,2018-01-19,2018-01-19 04:54:46,1516326886.0,0.002184519712448489,-3301040.634722864,78734.09002842,100,0.02101235363518814,-0.013759211950904291,0.03771683711660277,,,
2018-01-19 06:25:26,10713.386355987099,btc,10755.0,10868.0,usd,2018-01-19,2018-01-19 06:25:26,1516332326.0,0.0016073621279460814,-2425945.6615602933,77267.59834412,100,-0.02213217790404341,-0.02040196026642476,-0.1146356039332482,,,
2018-01-19 06:25:26,10713.386355987099,btc,10755.0,10929.0,usd,2018-01-19,2018-01-19 06:25:26,1516332326.0,0.0016073621279460814,-2425945.6615602933,77267.59834412,200,-0.02213217790404341,-0.02040196026642476,-0.1146356039332482,,,
2018-01-19 06:25:26,10713.386355987099,btc,10755.0,10929.0,usd,2018-01-19,2018-01-19 06:25:26,1516332326.0,0.0016073621279460814,-2425945.6615602933,77267.59834412,500,-0.02213217790404341,-0.02040196026642476,-0.1146356039332482,,,
2018-01-19 06:25:26,10713.386355987099,btc,10755.0,10929.0,usd,2018-01-19,2018-01-19 06:25:26,1516332326.0,0.0016073621279460814,-2425945.6615602933,77267.59834412,300,-0.02213217790404341,-0.02040196026642476,-0.1146356039332482,,,
2018-01-19 08:59:06,11065.145494910646,btc,11072.0,11199.0,usd,2018-01-19,2018-01-19 08:59:06,1516341546.0,-0.001169366477024342,1784370.84240229,73466.0151651,100,0.028931936180868888,-0.013761389848704592,0.048172657108159316,,,
2018-01-19 10:47:46,11011.484274708871,btc,11056.0,11500.0,usd,2018-01-19,2018-01-19 10:47:46,1516348066.0,-0.0028417795094911194,4320283.19292883,71072.46987157999,200,0.02649738342567644,0.0034565609374593172,-0.045494667918921684,,,
2018-01-19 10:47:46,11011.484274708871,btc,11056.0,11500.0,usd,2018-01-19,2018-01-19 10:47:46,1516348066.0,-0.0028417795094911194,4320283.19292883,71072.46987157999,300,0.02649738342567644,0.0034565609374593172,-0.045494667918921684,,,
2018-01-19 10:47:46,11011.484274708871,btc,11056.0,11500.0,usd,2018-01-19,2018-01-19 10:47:46,1516348066.0,-0.0028417795094911194,4320283.19292883,71072.46987157999,100,0.02649738342567644,0.0034565609374593172,-0.045494667918921684,,,
2018-01-19 12:45:56,11449.926840135486,btc,11489.0,11548.0,usd,2018-01-19,2018-01-19 12:45:56,1516355156.0,-0.005044184880966251,7659888.73739274,72336.79130635,100,0.03504996163022895,0.012984756177101129,0.01464768308066896,,,
2018-01-19 14:32:57,11522.68476631194,btc,11544.0,11593.0,usd,2018-01-19,2018-01-19 14:32:57,1516361577.0,-0.0044333777780312285,6733766.233360907,69757.85190525,100,0.021019601877211063,0.026362743571490026,0.016718482602443296,,,
2018-01-19 17:05:27,11661.34083884436,btc,11673.0,11681.0,usd,2018-01-19,2018-01-19 17:05:27,1516370727.0,-0.00021593758172538567,338793.039257093,64287.65899821001,100,0.013243641287644287,0.020979463081424208,0.002097663849686345,,,
2018-01-19 18:09:27,11390.629032258066,btc,11393.0,11500.0,usd,2018-01-19,2018-01-19 18:09:27,1516374567.0,0.0012018967864014074,-1811113.2039579318,62698.7404199,200,-0.006662144539107834,0.01673351434253701,-0.06253566407312144,,,
2018-01-19 18:09:27,11390.629032258066,btc,11393.0,11494.0,usd,2018-01-19,2018-01-19 18:09:27,1516374567.0,0.0012018967864014074,-1811113.2039579318,62698.7404199,100,-0.006662144539107834,0.01673351434253701,-0.06253566407312144,,,
2018-01-19 18:09:27,11390.629032258066,btc,11393.0,11500.0,usd,2018-01-19,2018-01-19 18:09:27,1516374567.0,0.0012018967864014074,-1811113.2039579318,62698.7404199,300,-0.006662144539107834,0.01673351434253701,-0.06253566407312144,,,
2018-01-19 21:45:17,11075.966172811128,btc,11037.0,11230.0,usd,2018-01-19,2018-01-19 21:45:17,1516387517.0,0.003811725152812065,-5768540.19608714,56520.35056707001,500,-0.031391930755653344,-0.008357665084776403,-0.06556007952758966,,,
2018-01-19 21:45:17,11075.966172811128,btc,11037.0,11204.0,usd,2018-01-19,2018-01-19 21:45:17,1516387517.0,0.003811725152812065,-5768540.19608714,56520.35056707001,200,-0.031391930755653344,-0.008357665084776403,-0.06556007952758966,,,
2018-01-19 21:45:17,11075.966172811128,btc,11037.0,11204.0,usd,2018-01-19,2018-01-19 21:45:17,1516387517.0,0.003811725152812065,-5768540.19608714,56520.35056707001,100,-0.031391930755653344,-0.008357665084776403,-0.06556007952758966,,,
2018-01-19 21:45:17,11075.966172811128,btc,11037.0,11204.0,usd,2018-01-19,2018-01-19 21:45:17,1516387517.0,0.003811725152812065,-5768540.19608714,56520.35056707001,300,-0.031391930755653344,-0.008357665084776403,-0.06556007952758966,,,
2018-01-20 01:31:26,11204.788098773548,btc,11240.0,11330.0,usd,2018-01-20,2018-01-20 01:31:26,1516401086.0,0.005149797479757549,-7797624.108679155,52480.76482182,200,0.017581335723588592,-0.014844612671801503,-0.02499628187588705,,,
2018-01-20 01:31:26,11204.788098773548,btc,11240.0,11330.0,usd,2018-01-20,2018-01-20 01:31:26,1516401086.0,0.005149797479757549,-7797624.108679155,52480.76482182,100,0.017581335723588592,-0.014844612671801503,-0.02499628187588705,,,
2018-01-20 07:30:56,11574.388456135646,btc,11586.0,11695.0,usd,2018-01-20,2018-01-20 07:30:56,1516422656.0,0.0022968694298794424,-3471493.050435832,43796.432877410014,100,0.013172834563420008,0.017738387898669862,-0.028954135122085868,,,
2018-01-20 09:52:57,12369.225806451615,btc,12398.0,12444.0,usd,2018-01-20,2018-01-20 09:52:57,1516431177.0,0.0055565055957724685,-8414267.041615728,51277.49789891,200,0.09335264664468984,0.03880774497822338,0.008520579370290922,,,
2018-01-20 09:52:57,12369.225806451615,btc,12398.0,12444.0,usd,2018-01-20,2018-01-20 09:52:57,1516431177.0,0.0055565055957724685,-8414267.041615728,51277.49789891,100,0.09335264664468984,0.03880774497822338,0.008520579370290922,,,
2018-01-20 12:36:47,12557.771846959358,btc,12610.0,12610.0,usd,2018-01-20,2018-01-20 12:36:47,1516441007.0,0.01070467859918202,-16220862.414290626,47492.53172774,100,0.014130968937755584,0.043834295782327184,0.03985889347976352,,,
2018-01-20 15:20:57,12300.964247855005,btc,12319.0,,usd,2018-01-20,2018-01-20 15:20:57,1516450857.0,0.01521367160489828,-23058334.46561297,47860.39878904,100,-0.023199374255345958,0.023736615930740217,-0.05611052912894537,-0.19354838709477917,-0.15789473684162658,1.6956521739139134
2018-01-20 15:20:57,12300.964247855005,btc,12319.0,,usd,2018-01-20,2018-01-20 15:20:57,1516450857.0,0.01521367160489828,-23058334.46561297,47860.39878904,200,-0.023199374255345958,0.023736615930740217,-0.05611052912894537,-0.19354838709477917,-0.15789473684162658,1.6956521739139134
2018-01-20 23:22:05,12643.709677419358,btc,12688.0,,usd,2018-01-20,2018-01-20 23:22:05,1516479725.0,0.02005858918330504,-30405391.88880703,47694.86305769,100,-0.0009024551928875717,0.015222453413602012,-0.05353634211790854,-0.19354838709659816,1.5,2.2173913043479843
2018-01-21 02:55:44,12690.645161290327,btc,12700.0,,usd,2018-01-21,2018-01-21 02:55:44,1516492544.0,0.014972772336053496,-22693042.14383673,46302.96999926,100,0.0062404466695400425,0.0074964611938903815,-0.03494902924880183,-0.19354838709477917,0.0,0.8260869565219764
2018-01-21 04:09:41,12372.916109241942,btc,12424.0,,usd,2018-01-21,2018-01-21 04:09:41,1516496981.0,0.012175014859455874,-18450382.113206733,47937.88783882001,100,-0.03337616923786525,-0.0013380000318213498,-0.08327615562418764,0.0,1.9473684210533975,0.2608695652179449
2018-01-21 04:09:41,12372.916109241942,btc,12424.0,,usd,2018-01-21,2018-01-21 04:09:41,1516496981.0,0.012175014859455874,-18450382.113206733,47937.88783882001,200,-0.03337616923786525,-0.0013380000318213498,-0.08327615562418764,0.0,1.9473684210533975,0.2608695652179449
2018-01-21 04:09:41,12372.916109241942,btc,12424.0,,usd,2018-01-21,2018-01-21 04:09:41,1516496981.0,0.012175014859455874,-18450382.113206733,47937.88783882001,300,-0.03337616923786525,-0.0013380000318213498,-0.08327615562418764,0.0,1.9473684210533975,0.2608695652179449
2018-01-21 10:54:21,11736.15698687484,btc,11768.0,,usd,2018-01-21,2018-01-21 10:54:21,1516521261.0,-0.003598981484375569,5470318.603937657,44779.06173002999,100,-0.04826553437709665,-0.026295140396398187,-0.08484559035893972,-0.09677419355102757,1.105263157895024,4.130434782609882
2018-01-21 10:54:21,11736.15698687484,btc,11768.0,,usd,2018-01-21,2018-01-21 10:54:21,1516521261.0,-0.003598981484375569,5470318.603937657,44779.06173002999,200,-0.04826553437709665,-0.026295140396398187,-0.08484559035893972,-0.09677419355102757,1.105263157895024,4.130434782609882
2018-01-21 10:54:21,11736.15698687484,btc,11768.0,,usd,2018-01-21,2018-01-21 10:54:21,1516521261.0,-0.003598981484375569,5470318.603937657,44779.06173002999,300,-0.04826553437709665,-0.026295140396398187,-0.08484559035893972,-0.09677419355102757,1.105263157895024,4.130434782609882
2018-01-21 10:54:21,11736.15698687484,btc,11768.0,,usd,2018-01-21,2018-01-21 10:54:21,1516521261.0,-0.003598981484375569,5470318.603937657,44779.06173002999,500,-0.04826553437709665,-0.026295140396398187,-0.08484559035893972,-0.09677419355102757,1.105263157895024,4.130434782609882
2018-01-21 12:28:31,11672.325654062908,btc,11643.0,,usd,2018-01-21,2018-01-21 12:28:31,1516526911.0,-0.0063441681946502185,9633318.522452464,46064.06048654999,100,-0.026819469045569446,-0.026719381548087468,-0.03719096418145289,-0.838709677418592,-1.7631578947366506,-2.739130434782055
2018-01-21 12:28:31,11672.325654062908,btc,11643.0,,usd,2018-01-21,2018-01-21 12:28:31,1516526911.0,-0.0063441681946502185,9633318.522452464,46064.06048654999,200,-0.026819469045569446,-0.026719381548087468,-0.03719096418145289,-0.838709677418592,-1.7631578947366506,-2.739130434782055
2018-01-21 17:55:51,11713.002716276618,btc,11699.0,,usd,2018-01-21,2018-01-21 17:55:51,1516546551.0,-0.013020688320464215,19758282.934214346,46277.53162996,100,-0.012473525830783176,0.0005643745676447036,-0.10469247266078044,-0.09677419355102757,0.4489754273690778,-1.9565217391300394
2018-01-21 17:55:51,11713.002716276618,btc,11699.0,,usd,2018-01-21,2018-01-21 17:55:51,1516546551.0,-0.013020688320464215,19758282.934214346,46277.53162996,200,-0.012473525830783176,0.0005643745676447036,-0.10469247266078044,-0.09677419355102757,0.4489754273690778,-1.9565217391300394
2018-01-21 17:55:51,11713.002716276618,btc,11699.0,,usd,2018-01-21,2018-01-21 17:55:51,1516546551.0,-0.013020688320464215,19758282.934214346,46277.53162996,300,-0.012473525830783176,0.0005643745676447036,-0.10469247266078044,-0.09677419355102757,0.4489754273690778,-1.9565217391300394
2018-01-21 19:34:41,11237.509380596133,btc,11293.0,,usd,2018-01-21,2018-01-21 19:34:41,1516552481.0,-0.01554793205432087,23590885.27610264,50842.27179040999,100,-0.0620910731833132,-0.0040265399331047705,-0.14062324463603626,-0.12903225806621776,1.7631578947366506,4.260869565217945
2018-01-21 19:34:41,11237.509380596133,btc,11293.0,,usd,2018-01-21,2018-01-21 19:34:41,1516552481.0,-0.01554793205432087,23590885.27610264,50842.27179040999,200,-0.0620910731833132,-0.0040265399331047705,-0.14062324463603626,-0.12903225806621776,1.7631578947366506,4.260869565217945
2018-01-21 19:34:41,11237.509380596133,btc,11293.0,,usd,2018-01-21,2018-01-21 19:34:41,1516552481.0,-0.01554793205432087,23590885.27610264,50842.27179040999,300,-0.0620910731833132,-0.0040265399331047705,-0.14062324463603626,-0.12903225806621776,1.7631578947366506,4.260869565217945
2018-01-21 19:34:41,11237.509380596133,btc,11293.0,,usd,2018-01-21,2018-01-21 19:34:41,1516552481.0,-0.01554793205432087,23590885.27610264,50842.27179040999,500,-0.0620910731833132,-0.0040265399331047705,-0.14062324463603626,-0.12903225806621776,1.7631578947366506,4.260869565217945
2018-01-22 00:05:31,11074.445723996942,btc,11113.0,,usd,2018-01-22,2018-01-22 00:05:31,1516568731.0,-0.01844725785340204,27987768.3753094,51297.54507663,100,-0.010930171010769036,-0.03099237255623613,-0.09244476032370612,-0.0645161290303804,0.7631578947366506,3.7826086956520157
2018-01-22 00:05:31,11074.445723996942,btc,11113.0,,usd,2018-01-22,2018-01-22 00:05:31,1516568731.0,-0.01844725785340204,27987768.3753094,51297.54507663,200,-0.010930171010769036,-0.03099237255623613,-0.09244476032370612,-0.0645161290303804,0.7631578947366506,3.7826086956520157
2018-01-22 00:05:31,11074.445723996942,btc,11113.0,,usd,2018-01-22,2018-01-22 00:05:31,1516568731.0,-0.01844725785340204,27987768.3753094,51297.54507663,300,-0.010930171010769036,-0.03099237255623613,-0.09244476032370612,-0.0645161290303804,0.7631578947366506,3.7826086956520157
2018-01-22 02:08:01,11181.180216230972,btc,11201.0,,usd,2018-01-22,2018-01-22 02:08:01,1516576081.0,-0.017613788514064987,26723784.014407434,52933.73462808,100,-0.00909075780056009,-0.019045473663708488,0.01996987308188352,-0.4838709677442239,0.05263157894660253,2.130434782608063
2018-01-22 05:38:22,11267.763324380163,btc,11300.223385050005,,usd,2018-01-22,2018-01-22 05:38:22,1516588702.0,-0.01348895874557757,20468346.791705567,53064.08317698,100,0.0036331582681733703,0.0039936441356136715,-0.05819752140141564,-0.448009918547541,1.2953522381576477,2.401016741305284
2018-01-22 05:38:22,11267.763324380163,btc,11300.223385050005,,usd,2018-01-22,2018-01-22 05:38:22,1516588702.0,-0.01348895874557757,20468346.791705567,53064.08317698,200,0.0036331582681733703,0.0039936441356136715,-0.05819752140141564,-0.448009918547541,1.2953522381576477,2.401016741305284
2018-01-22 08:22:01,11468.032008484355,btc,11500.0,,usd,2018-01-22,2018-01-22 08:22:01,1516598521.0,-0.008668751194137786,13158266.334496338,50899.07535975,100,0.027153474008265142,0.01295026587551776,-0.00314251727354018,-0.22580645161360735,2.684210526316747,1.5217391304340708
2018-01-22 12:16:52,11661.973934084517,btc,11686.0,,usd,2018-01-22,2018-01-22 12:16:52,1516612612.0,-0.0038986537233122016,5924142.874472378,47299.49441165,100,0.027702011301961392,0.007658716074550909,-0.021700183569068828,-0.27419354838639265,0.5,1.6521739130439528
2018-01-22 16:57:07,10465.513616032584,btc,10541.0,,usd,2018-01-22,2018-01-22 16:57:07,1516629427.0,-0.00025423242159008816,397032.2362477358,54148.34671366,100,-0.08929939036563453,-0.01491967024360396,-0.18375512901937152,-0.14516129032199387,-0.23684210526334937,4.525296636520579
2018-01-22 16:57:07,10465.513616032584,btc,10541.0,,usd,2018-01-22,2018-01-22 16:57:07,1516629427.0,-0.00025423242159008816,397032.2362477358,54148.34671366,200,-0.08929939036563453,-0.01491967024360396,-0.18375512901937152,-0.14516129032199387,-0.23684210526334937,4.525296636520579
2018-01-22 16:57:07,10465.513616032584,btc,10541.0,,usd,2018-01-22,2018-01-22 16:57:07,1516629427.0,-0.00025423242159008816,397032.2362477358,54148.34671366,300,-0.08929939036563453,-0.01491967024360396,-0.18375512901937152,-0.14516129032199387,-0.23684210526334937,4.525296636520579
2018-01-22 16:57:07,10465.513616032584,btc,10541.0,,usd,2018-01-22,2018-01-22 16:57:07,1516629427.0,-0.00025423242159008816,397032.2362477358,54148.34671366,500,-0.08929939036563453,-0.01491967024360396,-0.18375512901937152,-0.14516129032199387,-0.23684210526334937,4.525296636520579
2018-01-22 18:22:08,10507.564516129032,btc,10575.0,,usd,2018-01-22,2018-01-22 18:22:08,1516634528.0,-0.0018778287396360332,2859291.680664605,57204.23250636,100,-0.07778526520233127,-0.03592586756275608,-0.004082946808658018,-0.07052994258083345,2.684210526316747,2.521739130434071
2018-01-22 19:04:17,10281.396553345323,btc,10349.0,,usd,2018-01-22,2018-01-22 19:04:17,1516637057.0,-0.0030358445356995487,4615500.7318599615,57377.32398025,100,-0.060991525200274524,-0.044367487179066176,-0.0640579460301718,-0.11290322580680368,1.6578947368416266,3.869565217390118
2018-01-22 19:04:17,10281.396553345323,btc,10349.0,,usd,2018-01-22,2018-01-22 19:04:17,1516637057.0,-0.0030358445356995487,4615500.7318599615,57377.32398025,200,-0.060991525200274524,-0.044367487179066176,-0.0640579460301718,-0.11290322580680368,1.6578947368416266,3.869565217390118
2018-01-22 19:04:17,10281.396553345323,btc,10349.0,,usd,2018-01-22,2018-01-22 19:04:17,1516637057.0,-0.0030358445356995487,4615500.7318599615,57377.32398025,300,-0.060991525200274524,-0.044367487179066176,-0.0640579460301718,-0.11290322580680368,1.6578947368416266,3.869565217390118
2018-01-22 21:17:40,10473.458205720644,btc,10524.0,,usd,2018-01-22,2018-01-22 21:17:40,1516645060.0,-0.007997837221975352,12140818.268307475,56512.33368854,100,-0.0006558498443902722,-0.05024498189721787,0.006284235006482375,-0.0322580645151902,2.0,3.130434782608063
2018-01-22 22:11:50,10401.00087334016,btc,10450.0,,usd,2018-01-22,2018-01-22 22:11:50,1516648310.0,-0.009749666412069351,14797648.391719885,56982.10073852,100,0.010767114865784794,-0.0437777273932938,-0.019687660497611,-0.0477620262918208,0.44736842105339747,3.4347826086959685
2018-01-22 23:40:00,10347.169632780962,btc,10418.0,,usd,2018-01-22,2018-01-22 23:40:00,1516653600.0,-0.012091267277229863,18348940.224838287,57656.77833781,100,-0.011068953237522959,-0.02680374441619996,-0.0005392703837523888,-0.06451612903219939,2.921052631578277,1.3913043478260079
2018-01-22 23:40:00,10347.169632780962,btc,10418.0,,usd,2018-01-22,2018-01-22 23:40:00,1516653600.0,-0.012091267277229863,18348940.224838287,57656.77833781,200,-0.011068953237522959,-0.02680374441619996,-0.0005392703837523888,-0.06451612903219939,2.921052631578277,1.3913043478260079
2018-01-23 00:31:20,10124.974022206285,btc,10163.0,,usd,2018-01-23,2018-01-23 00:31:20,1516656680.0,-0.014380105269520747,21820231.671567693,59282.30717174,100,-0.01997788773507636,-0.01906248461969126,-0.07810767951840145,-0.11290322580680368,2.394736842104976,2.0434782608699606
2018-01-23 00:31:20,10124.974022206285,btc,10163.0,,usd,2018-01-23,2018-01-23 00:31:20,1516656680.0,-0.014380105269520747,21820231.671567693,59282.30717174,200,-0.01997788773507636,-0.01906248461969126,-0.07810767951840145,-0.11290322580680368,2.394736842104976,2.0434782608699606
2018-01-23 00:55:20,10061.331576968703,btc,10100.0,,usd,2018-01-23,2018-01-23 00:55:20,1516658120.0,-0.015559738328075431,23609283.28597924,59915.06707936,300,-0.03330379668539786,-0.01749639564662665,-0.08178330512910913,0.0,2.394736842104976,2.4347826086959685
2018-01-23 00:55:20,10061.331576968703,btc,10100.0,,usd,2018-01-23,2018-01-23 00:55:20,1516658120.0,-0.015559738328075431,23609283.28597924,59915.06707936,500,-0.03330379668539786,-0.01749639564662665,-0.08178330512910913,0.0,2.394736842104976,2.4347826086959685
2018-01-23 05:14:00,10669.673346937576,btc,10693.0,,usd,2018-01-23,2018-01-23 05:14:00,1516673640.0,-0.016989809265436372,25778275.30260576,68452.36410262,100,0.01801830625758714,0.008325068901718538,-0.0019907172882109954,-0.11290322580862266,1.0263157894733013,1.9130434782600787
2018-01-23 08:38:11,10329.926231719995,btc,10360.0,,usd,2018-01-23,2018-01-23 08:38:11,1516685891.0,-0.014076645708908332,21360145.19341541,68716.65168016001,100,-0.0179564947810793,0.014909212079359925,-0.12487027991785793,-0.661290322579589,0.5983916731584031,-0.04347826086814166
2018-01-23 08:38:11,10329.926231719995,btc,10360.0,,usd,2018-01-23,2018-01-23 08:38:11,1516685891.0,-0.014076645708908332,21360145.19341541,68716.65168016001,200,-0.0179564947810793,0.014909212079359925,-0.12487027991785793,-0.661290322579589,0.5983916731584031,-0.04347826086814166
2018-01-23 08:38:11,10329.926231719995,btc,10360.0,,usd,2018-01-23,2018-01-23 08:38:11,1516685891.0,-0.014076645708908332,21360145.19341541,68716.65168016001,300,-0.0179564947810793,0.014909212079359925,-0.12487027991785793,-0.661290322579589,0.5983916731584031,-0.04347826086814166
2018-01-23 08:38:11,10329.926231719995,btc,10360.0,,usd,2018-01-23,2018-01-23 08:38:11,1516685891.0,-0.014076645708908332,21360145.19341541,68716.65168016001,500,-0.0179564947810793,0.014909212079359925,-0.12487027991785793,-0.661290322579589,0.5983916731584031,-0.04347826086814166
2018-01-23 10:00:51,10273.147482058384,btc,10318.0,,usd,2018-01-23,2018-01-23 10:00:51,1516690851.0,-0.013350372553662762,20258650.610980313,69893.39923958,100,-0.05345643645988585,-0.00013571417111633797,0.009798620320699137,-0.08064516128979449,1.2631578947366506,0.8260869565219764
2018-01-23 10:27:51,10198.558092313706,btc,10228.0,,usd,2018-01-23,2018-01-23 10:27:51,1516692471.0,-0.013099735765630166,19878520.05172512,70427.59080346997,200,-0.052610881772195264,-0.007419328004688911,-0.04632262500542442,-0.09677419354920858,1.0526315789484215,0.7391304347838741
2018-01-23 13:04:31,10427.854965711287,btc,10450.0,,usd,2018-01-23,2018-01-23 13:04:31,1516701871.0,-0.008080392159026029,12265876.85886199,71500.62609243001,100,0.026159584873605563,-0.01450751310070671,-0.027523695048662426,-0.0806451612879755,-0.2097620447366353,0.9130434782600787
2018-01-23 13:47:01,10289.454794458703,btc,10300.0,,usd,2018-01-23,2018-01-23 13:47:01,1516704421.0,-0.006415292912423386,9740468.1021804,72246.98957638,100,0.02020028345447733,-0.013694439584988036,-0.058405542767599634,0.0,1.210526315790048,-0.8260869565201574
2018-01-23 13:47:01,10289.454794458703,btc,10300.0,,usd,2018-01-23,2018-01-23 13:47:01,1516704421.0,-0.006415292912423386,9740468.1021804,72246.98957638,200,0.02020028345447733,-0.013694439584988036,-0.058405542767599634,0.0,1.210526315790048,-0.8260869565201574
2018-01-23 15:00:31,9982.143548387094,btc,10004.0,,usd,2018-01-23,2018-01-23 15:00:31,1516708831.0,-0.004246312214948496,6450807.7443754785,76534.22598298003,100,-0.03925479128436901,-0.015644560589560874,-0.06637351145903361,-0.22580645160996937,0.7105263157882291,1.5173913043472567
2018-01-23 15:00:31,9982.143548387094,btc,10004.0,,usd,2018-01-23,2018-01-23 15:00:31,1516708831.0,-0.004246312214948496,6450807.7443754785,76534.22598298003,200,-0.03925479128436901,-0.015644560589560874,-0.06637351145903361,-0.22580645160996937,0.7105263157882291,1.5173913043472567
2018-01-23 15:00:31,9982.143548387094,btc,10004.0,,usd,2018-01-23,2018-01-23 15:00:31,1516708831.0,-0.004246312214948496,6450807.7443754785,76534.22598298003,300,-0.03925479128436901,-0.015644560589560874,-0.06637351145903361,-0.22580645160996937,0.7105263157882291,1.5173913043472567
2018-01-23 15:00:31,9982.143548387094,btc,10004.0,,usd,2018-01-23,2018-01-23 15:00:31,1516708831.0,-0.004246312214948496,6450807.7443754785,76534.22598298003,500,-0.03925479128436901,-0.015644560589560874,-0.06637351145903361,-0.22580645160996937,0.7105263157882291,1.5173913043472567
2018-01-23 20:54:31,11124.655191321608,btc,11147.72953485,,usd,2018-01-23,2018-01-23 20:54:31,1516730071.0,0.0007462493593465184,-1121294.819542152,71320.67601216001,100,0.09462161204309516,0.020546924255079323,-0.001989369373511625,-0.03662040564267954,0.519198285526727,0.9012841239127738
2018-01-23 23:26:31,10920.151136815799,btc,10951.0,,usd,2018-01-23,2018-01-23 23:26:31,1516739191.0,0.004642103603698271,-7030062.615226222,71718.81637854,100,-0.017816233266269032,0.04195405938644526,-0.06897093222564861,-0.14516129032563185,1.1578947368434456,1.4782608695659292
2018-01-23 23:26:31,10920.151136815799,btc,10951.0,,usd,2018-01-23,2018-01-23 23:26:31,1516739191.0,0.004642103603698271,-7030062.615226222,71718.81637854,200,-0.017816233266269032,0.04195405938644526,-0.06897093222564861,-0.14516129032563185,1.1578947368434456,1.4782608695659292
2018-01-23 23:26:31,10920.151136815799,btc,10951.0,,usd,2018-01-23,2018-01-23 23:26:31,1516739191.0,0.004642103603698271,-7030062.615226222,71718.81637854,300,-0.017816233266269032,0.04195405938644526,-0.06897093222564861,-0.14516129032563185,1.1578947368434456,1.4782608695659292
2018-01-24 03:02:01,10777.435483870962,btc,10770.0,,usd,2018-01-24,2018-01-24 03:02:01,1516752121.0,0.0058719634190975405,-8895375.612808308,63786.319826499996,100,-0.015187404252030438,0.007282671104600117,-0.07582376971979925,-0.29032258064580674,-0.5,-1.130434782608063
2018-01-24 03:02:01,10777.435483870962,btc,10770.0,,usd,2018-01-24,2018-01-24 03:02:01,1516752121.0,0.0058719634190975405,-8895375.612808308,63786.319826499996,200,-0.015187404252030438,0.007282671104600117,-0.07582376971979925,-0.29032258064580674,-0.5,-1.130434782608063
2018-01-24 04:05:32,10586.776401558704,btc,10636.0,,usd,2018-01-24,2018-01-24 04:05:32,1516755932.0,0.006258301282036107,-9481362.914113587,63611.95683757001,100,-0.03553325201237008,-0.010186445631637505,-0.053180565962334,-0.5322580645170092,2.684210526316747,1.9130434782618977
2018-01-24 04:05:32,10586.776401558704,btc,10636.0,,usd,2018-01-24,2018-01-24 04:05:32,1516755932.0,0.006258301282036107,-9481362.914113587,63611.95683757001,300,-0.03553325201237008,-0.010186445631637505,-0.053180565962334,-0.5322580645170092,2.684210526316747,1.9130434782618977
2018-01-24 04:05:32,10586.776401558704,btc,10636.0,,usd,2018-01-24,2018-01-24 04:05:32,1516755932.0,0.006258301282036107,-9481362.914113587,63611.95683757001,500,-0.03553325201237008,-0.010186445631637505,-0.053180565962334,-0.5322580645170092,2.684210526316747,1.9130434782618977
2018-01-24 05:08:32,10563.611574296609,btc,10602.0,,usd,2018-01-24,2018-01-24 05:08:32,1516759712.0,0.006474000387244894,-9808545.373194942,64749.25967349001,100,-0.039477502055277856,-0.019122458365682847,0.010994553637227072,-0.01612903225577611,0.9473684210533975,0.6086956521739921
2018-01-24 07:34:22,10528.157951522895,btc,10571.0,,usd,2018-01-24,2018-01-24 07:34:22,1516768462.0,0.007428066541160295,-11255664.107144454,65370.03535250999,100,0.006979202633836597,-0.016214925486895845,-0.031117171146943068,-0.14516129032563185,1.8421052631583734,2.4347826086959685
2018-01-24 07:34:22,10528.157951522895,btc,10571.0,,usd,2018-01-24,2018-01-24 07:34:22,1516768462.0,0.007428066541160295,-11255664.107144454,65370.03535250999,200,0.006979202633836597,-0.016214925486895845,-0.031117171146943068,-0.14516129032563185,1.8421052631583734,2.4347826086959685
2018-01-24 12:24:42,10784.738251287414,btc,10791.0,,usd,2018-01-24,2018-01-24 12:24:42,1516785882.0,0.005225707872484822,-7915309.453748623,59205.36271476,100,0.015351660005176631,0.008505628149265797,-0.03562727723932324,-0.16129032257776998,0.18421052631492785,0.4782608695641102
2018-01-24 19:38:43,10985.8559469558,btc,11013.0,,usd,2018-01-24,2018-01-24 19:38:43,1516811923.0,0.0011086116008040211,-1670529.645301388,52853.21732878,100,-0.020339823270684246,0.01342549224291073,-0.0644222961052287,-0.24193548387120245,0.894736842104976,1.0869565217381023
2018-01-24 19:38:43,10985.8559469558,btc,11013.0,,usd,2018-01-24,2018-01-24 19:38:43,1516811923.0,0.0011086116008040211,-1670529.645301388,52853.21732878,200,-0.020339823270684246,0.01342549224291073,-0.0644222961052287,-0.24193548387120245,0.894736842104976,1.0869565217381023
2018-01-24 19:38:43,10985.8559469558,btc,11013.0,,usd,2018-01-24,2018-01-24 19:38:43,1516811923.0,0.0011086116008040211,-1670529.645301388,52853.21732878,300,-0.020339823270684246,0.01342549224291073,-0.0644222961052287,-0.24193548387120245,0.894736842104976,1.0869565217381023
2018-01-25 07:44:13,11425.575812887411,btc,11449.0,,usd,2018-01-25,2018-01-25 07:44:13,1516855453.0,0.007812503455609805,-11838967.12793602,43332.42202589,100,0.02272860095451777,0.014387491369575104,-0.0139287659381333,-0.11290322580680368,-0.10526315789502405,2.2021652386956703
2018-01-25 12:19:03,11193.19900805967,btc,11216.0,,usd,2018-01-25,2018-01-25 12:19:03,1516871943.0,0.005921451779003781,-8970571.570556669,42811.53642821,100,-0.027634451348759016,0.001160065909197765,-0.047385729532167686,-0.0483870967727853,0.05263157894660253,2.0
2018-01-25 12:19:03,11193.19900805967,btc,11216.0,,usd,2018-01-25,2018-01-25 12:19:03,1516871943.0,0.005921451779003781,-8970571.570556669,42811.53642821,200,-0.027634451348759016,0.001160065909197765,-0.047385729532167686,-0.0483870967727853,0.05263157894660253,2.0
2018-01-25 12:19:03,11193.19900805967,btc,11216.0,,usd,2018-01-25,2018-01-25 12:19:03,1516871943.0,0.005921451779003781,-8970571.570556669,42811.53642821,300,-0.027634451348759016,0.001160065909197765,-0.047385729532167686,-0.0483870967727853,0.05263157894660253,2.0
2018-01-25 15:19:16,11144.823017823705,btc,11150.0,,usd,2018-01-25,2018-01-25 15:19:16,1516882756.0,0.0034296565315677604,-5190941.527590483,40635.73615243,100,-0.0007056784009977816,-0.01163446030042316,-0.03687117180575098,-0.17741935484082205,-0.07894736842172279,-2.3043478260879056
2018-01-25 16:05:38,11077.511298322252,btc,11097.0,,usd,2018-01-25,2018-01-25 16:05:38,1516885538.0,0.002961095302125568,-4480220.7261684835,38755.52734542,200,-0.01722299118102073,-0.013215405224741213,-0.036526557547292615,-0.04838709677460429,0.18421052631492785,0.9130434782618977
2018-01-25 19:03:48,10964.141966151441,btc,10950.0,,usd,2018-01-25,2018-01-25 19:03:48,1516896228.0,0.001987144286402541,-3002929.5484137526,34587.983587470015,100,-0.0025043389947770342,-0.010268736338348348,-0.05200036650619422,-0.08064516129161348,0.18421052631492785,-1.2173913043479843
2018-01-25 19:03:48,10964.141966151441,btc,10950.0,,usd,2018-01-25,2018-01-25 19:03:48,1516896228.0,0.001987144286402541,-3002929.5484137526,34587.983587470015,200,-0.0025043389947770342,-0.010268736338348348,-0.05200036650619422,-0.08064516129161348,0.18421052631492785,-1.2173913043479843
2018-01-25 19:03:48,10964.141966151441,btc,10950.0,,usd,2018-01-25,2018-01-25 19:03:48,1516896228.0,0.001987144286402541,-3002929.5484137526,34587.983587470015,300,-0.0025043389947770342,-0.010268736338348348,-0.05200036650619422,-0.08064516129161348,0.18421052631492785,-1.2173913043479843
2018-01-25 19:03:48,10964.141966151441,btc,10950.0,,usd,2018-01-25,2018-01-25 19:03:48,1516896228.0,0.001987144286402541,-3002929.5484137526,34587.983587470015,500,-0.0025043389947770342,-0.010268736338348348,-0.05200036650619422,-0.08064516129161348,0.18421052631492785,-1.2173913043479843
2018-01-26 02:16:39,11130.29294908531,btc,11155.0,,usd,2018-01-26,2018-01-26 02:16:39,1516922199.0,-0.003910357393657066,5942831.532546232,34916.157277850005,100,-0.0038737847921038408,0.005501030775760136,-0.018215824222417857,-0.27419354839003063,1.105263157895024,1.260869565216126
2018-01-26 07:47:59,11419.605645662405,btc,11412.0,,usd,2018-01-26,2018-01-26 07:47:59,1516942079.0,-0.0005084275936085016,782518.188957896,31347.44671555001,100,0.013583391263582795,0.010301858964747841,-0.01849561607226797,-0.12903225806439877,-0.4210526315800962,0.5652173913040315
2018-01-26 11:46:00,10574.466192788695,btc,10550.0,,usd,2018-01-26,2018-01-26 11:46:00,1516956360.0,0.0015597684303518895,-2354788.97321268,39013.810861400016,100,-0.05693968154184949,-0.0070283745874064356,-0.15590110438223065,-0.5645161290321994,-1.7631578947366506,-2.0869565217381023
2018-01-26 11:46:00,10574.466192788695,btc,10550.0,,usd,2018-01-26,2018-01-26 11:46:00,1516956360.0,0.0015597684303518895,-2354788.97321268,39013.810861400016,200,-0.05693968154184949,-0.0070283745874064356,-0.15590110438223065,-0.5645161290321994,-1.7631578947366506,-2.0869565217381023
2018-01-26 11:46:00,10574.466192788695,btc,10550.0,,usd,2018-01-26,2018-01-26 11:46:00,1516956360.0,0.0015597684303518895,-2354788.97321268,39013.810861400016,300,-0.05693968154184949,-0.0070283745874064356,-0.15590110438223065,-0.5645161290321994,-1.7631578947366506,-2.0869565217381023
2018-01-26 11:46:00,10574.466192788695,btc,10550.0,,usd,2018-01-26,2018-01-26 11:46:00,1516956360.0,0.0015597684303518895,-2354788.97321268,39013.810861400016,500,-0.05693968154184949,-0.0070283745874064356,-0.15590110438223065,-0.5645161290321994,-1.7631578947366506,-2.0869565217381023
2018-01-26 13:03:20,10353.00580136047,btc,10388.0,,usd,2018-01-26,2018-01-26 13:03:20,1516961000.0,-0.0009957082023564388,1521611.3135157968,45243.64652298,100,-0.09298048511199994,-0.02759642700281189,-0.06375449301011782,-0.4838709677405859,2.0263157894751203,1.4347826086959685
2018-01-26 13:03:20,10353.00580136047,btc,10388.0,,usd,2018-01-26,2018-01-26 13:03:20,1516961000.0,-0.0009957082023564388,1521611.3135157968,45243.64652298,200,-0.09298048511199994,-0.02759642700281189,-0.06375449301011782,-0.4838709677405859,2.0263157894751203,1.4347826086959685
2018-01-26 22:58:41,10906.612903225796,btc,10906.0,,usd,2018-01-26,2018-01-26 22:58:41,1516996721.0,-0.007855557698532039,11927556.169657307,56401.10109619,100,-0.011781701382057964,0.02267640125677633,-0.014979073202678281,-0.35483870967618714,-0.13157894736832532,1.0434782608681417
2018-01-27 00:54:10,10823.477262185794,btc,10831.0,,usd,2018-01-27,2018-01-27 00:54:10,1517003650.0,-0.0070580557952298825,10717803.62148161,55884.89642305,100,-0.011531883802332813,0.011390821102208291,-0.041127514550583534,-0.09677419355102757,0.026315789475120255,1.2334693208704266
2018-01-27 00:54:10,10823.477262185794,btc,10831.0,,usd,2018-01-27,2018-01-27 00:54:10,1517003650.0,-0.0070580557952298825,10717803.62148161,55884.89642305,200,-0.011531883802332813,0.011390821102208291,-0.041127514550583534,-0.09677419355102757,0.026315789475120255,1.2334693208704266
2018-01-27 02:05:43,10769.961023630472,btc,10780.0,,usd,2018-01-27,2018-01-27 02:05:43,1517007943.0,-0.006757831680089569,10262383.69165272,56322.39339733,300,-0.01400410310693344,0.00251894974179797,-0.010405547360455788,0.0,0.6578947368434456,0.6521739130439528
2018-01-27 04:34:11,10946.719266978374,btc,10944.0,,usd,2018-01-27,2018-01-27 04:34:11,1517016851.0,-0.004624222810795315,7025794.831638782,56432.05815517001,100,0.02566048362044271,-0.0023970480375726947,-0.034969191416262126,-0.11290322580498469,-0.6578947368416266,-0.1739130434780236
2018-01-27 10:38:31,11174.161290322569,btc,11179.0,,usd,2018-01-27,2018-01-27 10:38:31,1517038711.0,0.007365024910466249,-11161807.757224374,58654.56365457,100,0.02230510374879615,0.011228323691222843,-0.026686889547623438,0.0,-0.3684210526316747,0.39130434782782686
